target_serverGetPoint,count,share
1,8246,0.5499166388796265
0,6749,0.45008336112037345
