target_pointId,count,share,label
0,14993,0.9998666222074025,0:Zero
1,2,0.0001333777925975325,1:FHShort
