stat,train_full_len,test_observed_len
count,14995.0,1236.0
mean,5.649016338779593,2.9037216828478964
std,3.9805430226501177,2.3800015106073014
min,2.0,1.0
25%,3.0,1.0
50%,5.0,2.0
75%,7.0,4.0
max,52.0,24.0
