feature,tvd,train_unique,test_unique
strikeId,0.2652653905131268,3,3
actionId,0.2642482769337352,19,19
positionId,0.2561377524978661,4,4
spinId,0.19681026361537984,5,5
strengthId,0.1626855661703847,4,3
pointId,0.15198501981782495,10,10
score_diff,0.12342382735992906,20,17
scoreOther,0.09815904114748066,15,16
scoreSelf,0.09813265694821684,16,16
handId,0.04702198467450314,2,2
numberGame,0.041747896548040286,7,7
sex,0.006885466676594426,2,2
